id;company_name;contact_person;postal_code;email;phone_number;mobile_number;website_url;fax;reg_number;status;leave_setting_level;company_id;last_modified;last_modified_by
1;Isle;benchmark;Loan payment;Esther47@yahoo.com;drive withdrawal Frozen;override Account Handcrafted;matrix;schemas Electronics;Research Automotive explicit;Steel JBOD Greece;Rubber Central standardization;70505;2023-04-06T10:03:11;Customer Tuna architecture
2;Philippines;CSS;Computer Hat;Jovanny.Gutmann@yahoo.com;next-generation viral;Concrete Synergized;Central Investment Extensions;Car;Bacon architectures;invoice Borders composite;Alley;58024;2023-04-06T06:46:59;interactive local
3;Sausages Azerbaijanian;International Montserrat;bandwidth structure payment;Eduardo_Hansen@yahoo.com;AGP viral;unleash Buckinghamshire;Account;bypassing Central mobile;Isle interface;Executive;Berkshire Toys;7083;2023-04-06T06:58:02;Buckinghamshire navigate
4;Avon;Awesome Refined Personal;network Soap invoice;Manuela2@hotmail.com;indexing Shirt wireless;green;Computer Soft;Credit;calculate;New Account capability;aggregate microchip Gabon;29114;2023-04-06T01:24:25;Row Fantastic Object-based
5;Operations;Bedfordshire killer input;GB;Agustin.Cole@yahoo.com;Tunnel;Fish;digital Squares;transmitter Gorgeous;emulation Ergonomic Streets;ROI;Intranet Iowa;67612;2023-04-05T15:47:30;Metal Refined parsing
6;Administrator;Spain;Internal deliver;Emery.Keebler@hotmail.com;Generic Metal;online innovate Loaf;Director Rubber Cotton;Taiwan;Granite;Idaho withdrawal;non-volatile Accountability Buckinghamshire;98927;2023-04-05T21:25:22;District Buckinghamshire
7;Product;invoice;Ameliorated Salad;Ezekiel_Reynolds@yahoo.com;Vermont Junctions Fresh;Analyst;Oval Producer matrix;Outdoors Ruble;Optional;Regional cultivate;Michigan;11051;2023-04-05T16:03:56;plug-and-play copy pink
8;Tasty;relationships Configuration;Gorgeous Representative;Emelia.Howe@hotmail.com;Rustic;optimal revolutionary Wooden;Open-architected networks;Steel auxiliary;feed;Health Orchestrator;Orchestrator driver;13296;2023-04-06T05:52:42;access Intelligent French
9;compress;Frozen Computer fuchsia;Architect Micronesia expedite;Deanna.Reinger22@hotmail.com;tolerance Corporate Tuna;wireless Tasty;Parks cross-media Ball;Guinea;East Hawaii orchestrate;Rhode Car Handmade;high-level Baht Senior;97736;2023-04-05T20:28:00;Ball hacking
10;models SCSI;generate;Shirt;Vaughn_OReilly22@gmail.com;Outdoors schemas mobile;Associate Louisiana;reboot deposit Chips;Persistent Mountains Loan;throughput Horizontal benchmark;solution-oriented Dollar Face;Yemeni Markets;87989;2023-04-05T18:07:29;Lempira Course
