id;doc_type;doc_category;file_name;content_type;file_uuid;folder_uuid;ref_table;ref_table_id;status;company_id;last_modified;last_modified_by
1;invoice Tanzanian;Fantastic National;Gourde hacking;Serbia Salvador Maine;Afghani;Investor;hacking Intelligent hack;54179;Down-sized evolve Dollar;20010;2023-04-06T06:35:49;orchid
2;Multi-tiered payment Berkshire;Operations clear-thinking;Executive;Tools Computers UIC-Franc;Steel;1080p Uzbekistan payment;Home;69157;bricks-and-clicks microchip;7218;2023-04-06T04:51:33;Account up Health
3;indigo Customer;Frozen New;dynamic;Savings Idaho;Zambian Product;deposit;Israel;49451;Tugrik Bike;7871;2023-04-06T02:02:12;Account multi-state solid
4;pink;benchmark;Diverse up;Georgia Accounts XSS;Arkansas;info-mediaries;Universal;60032;Inverse redefine;39342;2023-04-06T09:00:10;grid-enabled Forward toolset
5;Music;Movies;front-end up;Iowa Books Card;turquoise Tools transparent;Plastic invoice;scale;17961;incentivize Grocery;85410;2023-04-06T07:32:57;online synthesize capacitor
6;context-sensitive;alarm;Dollar Marketing;back-end Industrial bypass;Connecticut California open-source;Handmade reboot Executive;Zambia optical withdrawal;12613;Berkshire matrix front-end;24233;2023-04-05T18:31:15;Interactions
7;experiences port index;efficient parse primary;Metal;technologies motivating Bermuda;withdrawal Buckinghamshire;Accountability program Electronics;e-business connecting Louisiana;68036;Infrastructure Executive user-centric;79676;2023-04-05T21:39:35;Kyat
8;one-to-one;Advanced protocol;Guyana 1080p;parse redefine Clothing;Account Intranet Usability;matrix;Senior Grenadines;63238;Steel;11782;2023-04-05T16:18:06;Intelligent system
9;Soft Producer;Taka;multi-tasking bricks-and-clicks;Intelligent;Dobra;Investor;management;8790;transmit asynchronous indexing;55015;2023-04-05T15:16:52;black
10;transition;bandwidth;Tanzanian;compress;Down-sized;programming override Bedfordshire;Rustic;1445;Garden;31217;2023-04-05T15:44:23;National compressing back-end
