id;name;type;value;component_type_flag;catagory;status;company_id;employee_id;last_modified;last_modified_by
1;incentivize Alaska open;Burundi Mississippi Kentucky;15579;index;Jersey;Books cross-platform;81153;3985;2023-06-06T18:04:26;experiences Vision-oriented orange
2;SDD deposit multi-byte;Outdoors Rwanda;43530;Mouse;Track initiatives blue;Metal Human;91591;59761;2023-06-06T20:08:13;Buckinghamshire Barbuda motivating
3;Chips;function;49529;Pizza;Marketing fresh-thinking;deposit Right-sized;7463;53214;2023-06-06T15:36:23;markets Hawaii
4;program Loan Beauty;haptic Account overriding;25784;Cheese Bedfordshire;Executive;Intranet bricks-and-clicks Coordinator;79281;55678;2023-06-06T08:30:16;Mouse Serbia
5;target e-services eyeballs;hacking Toys Wooden;62724;Fresh Fantastic;integrated;Miquelon;71885;73231;2023-06-06T18:40:47;Loan
6;open-source Buckinghamshire digital;lavender;63935;THX Islands;Vermont;Guyana digital neural;61946;5287;2023-06-06T09:42:15;invoice Account Turkmenistan
7;bottom-line Lari rich;Future Solutions;47342;Consultant hack;group;tangible;27975;27205;2023-06-07T03:42:38;Division transmitting Tools
8;Cambridgeshire;Generic Radial;93255;alarm Colon Hat;Industrial;Total;95940;96498;2023-06-06T21:26:31;protocol rich compressing
9;Common Distributed indexing;utilize payment;8895;website navigate Director;Buckinghamshire matrix;benchmark Communications;25174;60753;2023-06-06T21:51:34;Liaison Account Loan
10;Salad matrix;Handcrafted Account;81016;Dollar back-end open-source;Senior AGP;Horizontal;43339;65597;2023-06-06T20:51:10;Avon
