id;type;value;form_name;field_name;company_id;status;last_modified;last_modified_by
1;Account Handmade orchid;Factors connecting withdrawal;magenta Granite;Generic Borders Handmade;19063;index;2023-04-06T01:48:09;Texas
2;AI 24/7 system-worthy;JBOD Outdoors clear-thinking;Light Intranet Village;Synchronised;20358;Lead SMS;2023-04-05T23:17:46;Berkshire
3;Cambridgeshire parse;forecast;interfaces Mouse synthesizing;card;85284;wireless Horizontal holistic;2023-04-06T02:28:58;bandwidth programming Credit
4;Universal rich quantify;feed Bacon;Sleek Handcrafted synthesize;Arkansas infomediaries Toys;2603;cross-platform;2023-04-05T13:20:53;Ergonomic software
5;Rustic Hat;Peso Industrial synthesizing;Creative;Bedfordshire;34706;THX compressing Table;2023-04-06T11:18:30;SSL Shirt
6;transmit;real-time grow Account;hub;Massachusetts feed mindshare;41332;Persistent;2023-04-05T19:09:44;transition software Louisiana
7;Garden Synchronised HTTP;Implementation;Gorgeous Shoes synergistic;Slovenia card;88627;Sausages Sleek;2023-04-06T00:17:08;bypassing
8;Oregon;Costa;GB;Keyboard;81611;Facilitator;2023-04-05T17:48:09;hacking matrix Tasty
9;synthesize Direct Plains;architect Michigan;calculating Pizza conglomeration;sticky Licensed;16199;mesh;2023-04-05T23:09:48;optimize back-end
10;Producer;transmitter;Avon Plastic;Home;47278;Bolivia methodology;2023-04-06T04:39:30;South Liaison
