id;month;salary;branch_id;status;employee_id;company_id;last_modified;last_modified_by
1;Consultant firewall Rustic;84603;11024;robust payment deposit;61923;33636;2023-04-05T21:49:44;Product Handcrafted Connecticut
2;Soap Vermont;53803;11402;Vermont Frozen;35619;95651;2023-04-06T03:42:30;Garden
3;Practical Account Group;49171;89932;deposit Usability redundant;69093;82859;2023-04-06T09:05:04;Global
4;Swiss Divide Fresh;7155;79538;olive Borders;34827;86080;2023-04-06T03:15:50;incubate
5;navigating;65515;34450;efficient Albania;93310;71679;2023-04-05T21:20:00;reboot
6;microchip Ukraine;47927;15062;parse Borders withdrawal;85042;64458;2023-04-06T06:12:46;Buckinghamshire redundant
7;Metal;54964;22943;Cheese Pennsylvania;75583;29545;2023-04-06T10:36:53;salmon
8;Configurable;4825;34292;Sterling;21330;31800;2023-04-06T07:24:46;Lock North Rhode
9;HTTP;50230;30440;Chief;59057;29333;2023-04-06T02:16:33;index Berkshire Bedfordshire
10;channels;86651;31944;Pakistan Soft;50392;41600;2023-04-06T06:20:27;drive
