id;type;number;issue_date;exp_date;issuing_authority;doc_url;employee_id;company_id;status;last_modified;last_modified_by
1;Pound;Unbranded Fresh Handcrafted;2023-04-06T01:36:20;2023-04-05T17:07:10;Jewelery;vertical Representative;49797;3634;optimizing;2023-04-06T05:26:42;Fresh syndicate
2;executive scalable;Bacon Borders;2023-04-05T16:45:02;2023-04-05T17:49:35;Card Cambridgeshire Rustic;deg Minnesota Guinea;53343;78105;Bedfordshire;2023-04-05T17:32:05;Diverse grow Naira
3;Frozen;firmware;2023-04-06T01:06:54;2023-04-05T15:22:12;deposit HDD;Guinea communities;98973;8968;architect Vatu;2023-04-06T02:42:38;array Dynamic
4;Concrete Ergonomic Factors;zero;2023-04-06T01:58:23;2023-04-06T10:11:07;Fantastic;user-centric Investment orange;39132;5538;Shore;2023-04-06T07:53:13;maroon Director
5;5th;indexing Forward;2023-04-05T17:24:54;2023-04-06T09:56:09;group Intelligent;XSS backing Tuna;29645;28546;Investor Pizza;2023-04-05T21:09:54;Romania Keyboard policy
6;panel Fantastic;deposit radical recontextualize;2023-04-06T08:24:53;2023-04-05T17:13:33;Organized innovative;driver;13443;3913;SQL;2023-04-05T21:00:53;Loan Islands
7;motivating;24/365 up port;2023-04-05T14:35:12;2023-04-05T17:20:05;Wells optical California;Concrete;43075;32991;Handcrafted Legacy;2023-04-05T21:30:06;haptic Cameroon
8;overriding Ridge panel;Bacon Avon;2023-04-06T00:47:36;2023-04-06T04:17:49;Pennsylvania Manor;generating;98850;68550;alarm;2023-04-05T12:11:26;Progressive success
9;Cheese Forward;Metal tan;2023-04-06T07:41:54;2023-04-06T08:51:19;feed robust Solutions;magenta;57315;19928;collaboration payment AI;2023-04-05T15:06:23;Ergonomic iterate
10;Meadow Shoes;generate Loan;2023-04-06T06:16:08;2023-04-06T00:26:09;whiteboard calculating;bypass withdrawal;83428;53667;Chicken system program;2023-04-06T08:25:01;Buckinghamshire Group North
