id;time;date;has_checked_in;status;company_id;last_modified;last_modified_by
1;Cotton Lead panel;2023-04-05T22:03:51;false;robust Kip;68868;2023-04-06T08:28:07;collaborative Frozen
2;black Unbranded microchip;2023-04-06T04:42:38;false;archive Account Handmade;24682;2023-04-05T12:52:38;Operations
3;Ergonomic;2023-04-06T00:18:08;false;deposit initiatives;54009;2023-04-06T00:36:29;Directives
4;functionalities disintermediate National;2023-04-05T23:38:14;false;optical Games;32279;2023-04-06T03:15:39;Table Profound ivory
5;Steel Rustic Proactive;2023-04-05T15:47:36;false;redundant intangible;7199;2023-04-05T20:28:02;Carolina online
6;Loan;2023-04-05T15:18:52;true;Senior Agent Metical;60667;2023-04-05T13:52:54;viral neural Accountability
7;parsing Licensed;2023-04-06T03:22:51;false;input Sausages Web;71610;2023-04-05T21:51:58;microchip strategize
8;Peso Dynamic Small;2023-04-05T22:27:47;false;payment Chief;27550;2023-04-06T02:30:34;Generic
9;Switchable Associate withdrawal;2023-04-05T16:34:22;true;Wooden Small Turkey;22775;2023-04-06T06:41:53;Dynamic extensible
10;Bedfordshire;2023-04-05T15:43:25;true;Assurance RSS;68925;2023-04-05T17:38:07;Wooden access
