id;type;description;status;department_id;company_id;last_modified;last_modified_by
1;Rhode;circuit Sports;24/7 disintermediate;66879;33755;2023-04-06T08:08:31;parse
2;Administrator haptic upward-trending;Fish microchip;online Metal transmitter;77599;13825;2023-04-05T16:58:24;deliverables
3;innovate Delaware;Architect Home Granite;Pines Public-key;63155;36451;2023-04-06T10:15:39;success Upgradable Sleek
4;Checking Plastic;B2B;SQL;53233;72294;2023-04-06T02:06:21;Tunisia invoice Shoes
5;Computer (Vatican;Territory Account Automotive;repurpose;95247;47022;2023-04-05T13:58:28;Metal Administrator Outdoors
6;indexing;Concrete TCP synergistic;compressing ubiquitous;66411;75587;2023-04-05T20:08:24;neural Brand
7;Concrete New;payment;Maine;88319;46631;2023-04-06T04:22:34;Arkansas
8;Programmable Clothing;copying Oregon;Intelligent;95672;18050;2023-04-05T17:06:08;recontextualize methodical
9;Pike blockchains Shoes;blue bleeding-edge bluetooth;Concrete;65722;87465;2023-04-05T12:56:26;Research
10;SDD;Meadows haptic Ball;Vermont generating indigo;35234;8813;2023-04-06T06:10:17;Bacon
